layer,attn_write_gap,attn_write_default,relative_contrast,separation_d,cos_prev,cos_next,default_position,matches_saved
1,-0.716,-2.462,0.0092,1.16,,-0.043,-0.38,1.0
2,-0.38,-0.817,0.0496,7.01,-0.043,0.472,0.47,1.0
3,-0.234,0.428,0.034,8.89,0.472,0.433,0.32,1.0
4,-0.34,0.282,0.0532,17.31,0.433,0.28,0.4,1.0
5,-0.166,-0.267,0.0882,9.78,0.28,0.644,0.29,1.0
6,-0.098,-0.145,0.1055,10.52,0.644,0.539,0.29,1.0
7,-0.088,0.125,0.1484,16.14,0.539,0.443,0.31,1.0
8,0.024,0.006,0.1853,15.13,0.443,0.368,0.24,1.0
9,-0.095,0.018,0.314,42.57,0.368,0.633,0.54,1.0
10,-0.224,0.017,0.3329,38.23,0.633,0.603,0.57,1.0
11,-0.038,-0.008,0.3354,43.27,0.603,0.446,0.51,1.0
12,-0.046,0.001,0.5637,56.54,0.446,0.764,0.67,1.0
13,-0.031,0.006,0.6269,60.09,0.764,0.715,0.68,1.0
14,-0.027,0.012,0.6324,49.46,0.715,0.815,0.7,1.0
15,0.028,0.002,0.6102,29.39,0.815,0.832,0.72,1.0
16,0.023,-0.0,0.5437,25.98,0.832,0.815,0.73,1.0
17,0.033,-0.012,0.564,27.15,0.815,0.777,0.74,1.0
18,0.038,0.035,0.4978,21.74,0.777,0.85,0.73,1.0
19,0.034,0.003,0.4579,18.92,0.85,0.888,0.73,1.0
20,0.006,0.011,0.4158,16.37,0.888,0.908,0.71,1.0
21,0.104,0.051,0.3497,13.15,0.908,0.951,0.69,1.0
22,0.082,0.015,0.3262,12.15,0.951,0.924,0.67,1.0
23,0.01,0.194,0.3131,14.13,0.924,,0.63,1.0
